sku,brand,product_name,variant,perfume_type,gender,ml,barcode,sale_price,original_price,available,source_site,source_url,scraped_at
DONKBEDEFREDP100,DONNA KARAN NY,BE DELICIOUS FRESH BLOSSOM EDP 100 ML,,EDP,Unknown,100,,27000,59900,True,multimarcasmayorista.cl,https://www.multimarcasmayorista.cl/be-delicious-fresh-blossom-edp-100-ml-donna-karan-ny,2026-05-29
RALLPOSPEDEDT125,RALPH LAUREN,POLO SPORT EDT 125 ML,,EDT,Unknown,125,,28000,72900,True,multimarcasmayorista.cl,https://www.multimarcasmayorista.cl/polo-sport-edt-125-ml-ralph-lauren,2026-05-29
RALLRAEDMLEDT100,RALPH LAUREN,RALPH EDT 100 ML,,EDT,Unknown,100,,50000,76990,True,multimarcasmayorista.cl,https://www.multimarcasmayorista.cl/ralph-edt-100-ml-celeste-ralph-lauren,2026-05-29
ARMCLDENUEDT105,ARMAF,CLUB DE NUIT INTENSE MEN EDT 105 ML,,EDT,Hombre,105,,30000,54990,True,multimarcasmayorista.cl,https://www.multimarcasmayorista.cl/club-de-nuit-intense-men-edt-105-ml-armaf,2026-05-29
CARHBABOEDEDT150,CAROLINA HERRERA,BAD BOY EDT 150 ML,,EDT,Hombre,150,,85000,119990,True,multimarcasmayorista.cl,https://www.multimarcasmayorista.cl/bad-boy-edt-150-ml-carolina-herrera,2026-05-29
RALLPOBIPOEDT100,RALPH LAUREN,POLO BIG PONY 1 FOR MEN EDT 100 ML,,EDT,Hombre,100,,22000,64990,True,multimarcasmayorista.cl,https://www.multimarcasmayorista.cl/polo-big-pony-1-for-men-edt-100-ml-ralph-lauren,2026-05-29
RALLPOBIPOEDT100,RALPH LAUREN,POLO BIG PONY 2 FOR WOMEN EDT 100 ML,,EDT,Mujer,100,,28000,64990,True,multimarcasmayorista.cl,https://www.multimarcasmayorista.cl/polo-big-pony-2-for-women-edt-100-ml-ralph-lauren,2026-05-29
DONKDKGODEEDP100,DONNA KARAN NY,DKNY GOLDEN DELICIOUS EDP 100 ML,,EDP,Unknown,100,,27000,59990,True,multimarcasmayorista.cl,https://www.multimarcasmayorista.cl/dkny-golden-delicious-edp-100-ml-donna-karan,2026-05-29
RALLPOBLEDEDT125,RALPH LAUREN,POLO BLUE EDT 125 ML RECARGABLE (TESTER,,EDT,Unknown,125,,42000,105900,True,multimarcasmayorista.cl,https://www.multimarcasmayorista.cl/polo-blue-edt-125-ml-tester-probador-ralph-lauren,2026-05-29
PROMTOBUGUEDT100,PROBADOR MOSCHINO,TOY 2 BUBBLE GUM EDT 100 ML (TESTER,,EDT,Unknown,100,,32000,75990,True,multimarcasmayorista.cl,https://www.multimarcasmayorista.cl/toy-2-bubble-gum-edt-100-ml-tester-probador-moschino,2026-05-29
BHABHKIPAEDP100,BHARARA,BHARARA KING PARA HOMBRE EDP 100 ML,,EDP,Hombre,100,,54000,77990,True,multimarcasmayorista.cl,https://www.multimarcasmayorista.cl/bharara-king-para-hombre-edp-100-ml-bharara-copiar,2026-05-29
DONKBEEXDEEDP100,DONNA KARAN NY,BE EXTRA DELICIOUS EDP 100 ML,,EDP,Unknown,100,,27000,69900,True,multimarcasmayorista.cl,https://www.multimarcasmayorista.cl/be-extra-delicious-edp-100-ml-donna-karan-ny,2026-05-29
LATRAWOINEDP100,LATTAFA,RAGHBA WOOD INTENSE EDP 100 ML,,EDP,Unknown,100,,6000,49990,True,multimarcasmayorista.cl,https://www.multimarcasmayorista.cl/raghba-wood-intense-edp-100-ml-lattafa,2026-05-29
VIKSPPOHOEDT90,VIKTOR&ROLF,SPICEBOMB POUR HOMME EDT 90 ML,,EDT,Hombre,90,,49000,119990,True,multimarcasmayorista.cl,https://www.multimarcasmayorista.cl/spicebomb-pour-homme-edt-90-ml-viktorrolf,2026-05-29
DONKBEDEEDEDP100,DONNA KARAN NY,BE 100% DELICIOUS EDP 100 ML,,EDP,Unknown,100,,27000,69990,True,multimarcasmayorista.cl,https://www.multimarcasmayorista.cl/be-100-delicious-edp-100-ml-donna-karan,2026-05-29
DONKBEDEEDEDP100,DONNA KARAN NY,BE DELICIOUS EDP 100 ML,,EDP,Unknown,100,,40000,64900,True,multimarcasmayorista.cl,https://www.multimarcasmayorista.cl/be-delicious-edp-100-ml-donna-karan-ny,2026-05-29
UNILSHALSHEDP100,UNISEX LATTAFA,SHEIKH AL SHUYUKH LUXE EDITION EDP 100 ML UNISEX,,EDP,Unisex,100,,6000,74990,True,multimarcasmayorista.cl,https://www.multimarcasmayorista.cl/sheikh-al-shuyukh-luxe-edition-edp-100-ml-unisex-lattafa,2026-05-29
LATKHEDMLEDP100,LATAFFA,KHAMRAH EDP 100 ML UNISEX,,EDP,Unisex,100,,25000,65990,True,multimarcasmayorista.cl,https://www.multimarcasmayorista.cl/khamrah-edp-100-ml-unisex-lataffa,2026-05-29
MAIAKIMOEDEDP100,MAISON ALHAMBRA,KISMET MOSCOW EDP 100 ML,,EDP,Unknown,100,,10000,45990,True,multimarcasmayorista.cl,https://www.multimarcasmayorista.cl/kismet-moscow-edp-100-ml-maison-alhambra,2026-05-29
MAIABAFEEDEDP100,MAISON ALHAMBRA,BAD FEMME EDP 100 ML,,EDP,Mujer,100,,16000,49990,True,multimarcasmayorista.cl,https://www.multimarcasmayorista.cl/bad-femme-edp-100-ml-maison-alhambra,2026-05-29
LATQIFOWOEDP100,LATTAFA,QIMMAH FOR WOMEN EDP 100 ML,,EDP,Mujer,100,,19000,52990,True,multimarcasmayorista.cl,https://www.multimarcasmayorista.cl/qimmah-for-women-edp-100-ml-lattafa,2026-05-29
LATBAALOUEDP100,LATTAFA,BADE'E AL OUD SUBLIME EDP 100 ML UNISEX,,EDP,Unisex,100,,24000,81990,True,multimarcasmayorista.cl,https://www.multimarcasmayorista.cl/badee-al-oud-sublime-edp-100-ml-unisex-lattafa,2026-05-29
MAIAYEFOMEEDP100,MAISON ALHAMBRA,YEAH! FOR MEN EDP 100 ML,,EDP,Hombre,100,,16000,45990,True,multimarcasmayorista.cl,https://www.multimarcasmayorista.cl/yeah-for-men-edp-100-ml-maison-alhambra,2026-05-29
MAIAYEPAEDPAR100,MAISON ALHAMBRA,YEAH! PARFUM EDP 100 ML,,PARFUM,Unknown,100,,16000,45990,True,multimarcasmayorista.cl,https://www.multimarcasmayorista.cl/yeah-parfum-edp-100-ml-maison-alhambra,2026-05-29
MAIABAHOEDEDP100,MAISON ALHAMBRA,BAD HOMME EDP 100 ML,,EDP,Hombre,100,,16000,54990,True,multimarcasmayorista.cl,https://www.multimarcasmayorista.cl/bad-homme-edp-100-ml-maison-alhambra,2026-05-29
LATQIMEEDEDP100,LATTAFA,QIMMAH MEN EDP 100 ML,,EDP,Hombre,100,,14000,39990,True,multimarcasmayorista.cl,https://www.multimarcasmayorista.cl/qimmah-men-edp-100-ml-lattafa,2026-05-29
MUJSYAFOWOEDP50,MUJER SIN CELOFAN BY ARD AL ZAAFARAN,YARA FOR WOMEN EDP 50 ML MUJER (SIN CELOFAN),,EDP,Mujer,50,,4000,29990,True,multimarcasmayorista.cl,https://www.multimarcasmayorista.cl/lattafa-yara-for-women-edp-50-ml-mujer-sin-celofan-by-ard-al-zaafaran,2026-05-29
ARMCLDENUEDP105,ARMAF,CLUB DE NUIT UNTOLD EDP 105 ML,,EDP,Unknown,105,,35000,89990,True,multimarcasmayorista.cl,https://www.multimarcasmayorista.cl/club-de-nuit-untold-edp-105-ml-armaf,2026-05-29
MAIAEXROEDEDP100,MAISON ALHAMBRA,EXCLUSIF ROSE EDP 100 ML,,EDP,Unknown,100,,11000,54990,True,multimarcasmayorista.cl,https://www.multimarcasmayorista.cl/exclusif-rose-edp-100-ml-maison-alhambra,2026-05-29
MAIAEXSAEDEDP100,MAISON ALHAMBRA,EXCLUSIF SAFFRON EDP 100 ML,,EDP,Unknown,100,,11000,54990,True,multimarcasmayorista.cl,https://www.multimarcasmayorista.cl/exclusif-saffron-edp-100-ml-maison-alhambra,2026-05-29
MAIAVIEDMLEDP100,MAISON ALHAMBRA,VICTORIOSO EDP 100 ML,,EDP,Unknown,100,,15000,45990,True,multimarcasmayorista.cl,https://www.multimarcasmayorista.cl/victorioso-edp-100-ml-maison-alhambra,2026-05-29
MAIAINOUJOEDP100,MAISON ALHAMBRA,INFINI OUD JOYOUS EDP UNISEX 100 ML,,EDP,Unisex,100,,10000,55990,True,multimarcasmayorista.cl,https://www.multimarcasmayorista.cl/infini-oud-joyous-edp-for-unisex-100ml-maison-alhambra,2026-05-29
FORMRACLELEDP75,FOR MEN RALPH LAUREN,RALPH'S CLUB ELIXIR EDP 75 ML FOR MEN,,EDP,Hombre,75,,45000,75990,True,multimarcasmayorista.cl,https://www.multimarcasmayorista.cl/ralphs-club-elixir-edp-75-ml-for-men-ralph-lauren,2026-05-29
CARHCHPAMEEDP100,CAROLINA HERRERA,CH PASIÓN MEN EDP 100 ML,,EDP,Hombre,100,,37990,99000,True,multimarcasmayorista.cl,https://www.multimarcasmayorista.cl/ch-pasion-men-edp-100-ml-carolina-herrera,2026-05-29
MAIABEEDMLEDP100,MAISON ALHAMBRA,BERLINETTA EDP 100 ML UNISEX,,EDP,Unisex,100,,12000,45990,True,multimarcasmayorista.cl,https://www.multimarcasmayorista.cl/berlinetta-edp-100-ml-unisex-maison-alhambra,2026-05-29
DONKNELOEDEDP100,DONNA KARAN NY,NECTAR LOVE EDP 100 ML,,EDP,Unknown,100,,27000,59990,True,multimarcasmayorista.cl,https://www.multimarcasmayorista.cl/nectar-love-edp-100-ml-donna-karan-ny,2026-05-29
CALKCKONSHEDT200,CALVIN KLEIN,CK ONE SHOCK HER EDT 200 ML,,EDT,Mujer,200,,28000,44900,True,multimarcasmayorista.cl,https://www.multimarcasmayorista.cl/ck-one-shock-her-edt-200-ml-calvin-klein,2026-05-29
CALKEUEDMLEDP100,CALVIN KLEIN,EUPHORIA EDP 100 ML,,EDP,Unknown,100,,44000,65000,True,multimarcasmayorista.cl,https://www.multimarcasmayorista.cl/euphoria-edp-100-ml-calvin-klein,2026-05-29
CALKCKONSHEDT100,CALVIN KLEIN,CK ONE SHOCK HER EDT 100 ML,,EDT,Mujer,100,,21000,34900,True,multimarcasmayorista.cl,https://www.multimarcasmayorista.cl/ck-one-shock-her-edt-100-ml-calvin-klein,2026-05-29
CALKCKINUHEDT150,CALVIN KLEIN,CK IN 2 U HER EDT 150 ML,,EDT,Mujer,150,,24000,39900,True,multimarcasmayorista.cl,https://www.multimarcasmayorista.cl/ck-in2u-her-edt-150-ml-calvin-klein,2026-05-29
ANTBBLSEFOEDT200,ANTONIO BANDERAS,BLUE SEDUCTION FOR WOMEN EDT 200 ML,,EDT,Mujer,200,,20000,35990,True,multimarcasmayorista.cl,https://www.multimarcasmayorista.cl/blue-seduction-for-women-edt-200-ml-antonio-banderas,2026-05-29
CACAMAMEDEDT100,CACHAREL,AMOR AMOR EDT  100 ML,,EDT,Unknown,100,,34000,55990,True,multimarcasmayorista.cl,https://www.multimarcasmayorista.cl/amor-amor-edt-100-ml-caharel,2026-05-29
BRISMIFAEDEDP30,BRITNEY SPEARS,MIDNIGHT FANTASY EDP 30 ML,,EDP,Unknown,30,,9000,21900,True,multimarcasmayorista.cl,https://www.multimarcasmayorista.cl/midnight-fantasy-edp-30-ml-britney-spears,2026-05-29
CARHSEWOEDEDP60,CAROLINA HERRERA,212 SEXY WOMEN EDP 60 ML,,EDP,Mujer,60,,62000,79990,True,multimarcasmayorista.cl,https://www.multimarcasmayorista.cl/212-sexy-women-edp-60-ml-carolina-herrera,2026-05-29
DONKBEDEEDEDP50,DONNA KARAN NY,BE DELICIOUS EDP 50 ML,,EDP,Unknown,50,,29000,49990,True,multimarcasmayorista.cl,https://www.multimarcasmayorista.cl/be-delicious-edp-50-ml-donna-karan-ny,2026-05-29
MOSILOLOEEDT100,MOSCHINO,I LOVE LOVE EDT 100 ML,,EDT,Unknown,100,,39000,49250,True,multimarcasmayorista.cl,https://www.multimarcasmayorista.cl/i-love-love-edt-100-ml-moschino,2026-05-29
TOMHTOGIEDEDT100,TOMMY HILFIGER,TOMMY GIRL EDT 100 ML,,EDT,Mujer,100,,29000,54900,True,multimarcasmayorista.cl,https://www.multimarcasmayorista.cl/tommy-girl-edt-100-ml-tommy-hilfiger,2026-05-29
BRISFAEDMLEDP100,BRITNEY SPEARS,FANTASY EDP 100 ML,,EDP,Unknown,100,,21000,42900,True,multimarcasmayorista.cl,https://www.multimarcasmayorista.cl/fantasy-edp-100-ml-britney-spears,2026-05-29
CARHGOGIEDEDP80,CAROLINA HERRERA,GOOD GIRL EDP 80 ML,,EDP,Mujer,80,,99000,139900,True,multimarcasmayorista.cl,https://www.multimarcasmayorista.cl/goodgirl-edp-80-ml-carolina-herrera,2026-05-29
CALKCKONEDEDT200,CALVIN KLEIN,CK ONE EDT 200 ML,,EDT,Unknown,200,,30000,48900,True,multimarcasmayorista.cl,https://www.multimarcasmayorista.cl/ck-one-edt-200-ml-calvin-klein,2026-05-29
PACRBLXSEDEDP80,PACO RABANNE,BLACK XS EDP 80 ML,,EDP,Unknown,80,,61000,70900,True,multimarcasmayorista.cl,https://www.multimarcasmayorista.cl/black-xs-edp-80-ml-paco-rabanne,2026-05-29
CALKDECAEDEDT200,CALVIN KLEIN,DEFY CALVIN EDT 200 ML FOR MEN,,EDT,Hombre,200,,39000,79990,True,multimarcasmayorista.cl,https://www.multimarcasmayorista.cl/defy-calvin-edt-200-ml-for-men-calvin-klein,2026-05-29
LATRALASIEDP100,LATTAFA,RAMZ LATTAFA SILVER EDP 100 ML UNISEX,,EDP,Unisex,100,,14000,59990,True,multimarcasmayorista.cl,https://www.multimarcasmayorista.cl/ramz-lattafa-silver-edp-100-ml-unisex-lattafa,2026-05-29
LATASZAEDEDP100,LATTAFA,ASAD ZANZIBAR EDP 100 ML FOR MEN,,EDP,Hombre,100,,20000,0,True,multimarcasmayorista.cl,https://www.multimarcasmayorista.cl/asad-zanzibar-edp-100-ml-for-men-lattafa,2026-05-29
SETDDEPOHOEDP100,SET DOLCE GABBANA,DEVOTION POUR HOMME EDP 100 ML + TRAVEL 10 ML,,EDP,Hombre,100,,55000,100,True,multimarcasmayorista.cl,https://www.multimarcasmayorista.cl/devotion-pour-homme-edp-100-ml-travel-10-ml-set-dolce-gabbana,2026-05-29
HUGBHUMAEDEDT75,HUGO BOSS,HUGO MAN EDT 75 ML  (CON CELOFÁN),,EDT,Hombre,75,,26000,49900,True,multimarcasmayorista.cl,https://www.multimarcasmayorista.cl/hugo-man-edt-75-ml-con-celofan-hugo-boss,2026-05-29
PACRMIEDMLEDT100,PACO RABANNE,1 MILLION EDT 100 ML,,EDT,Unknown,100,,83000,96800,True,multimarcasmayorista.cl,https://www.multimarcasmayorista.cl/1-million-edt-100-ml-paco-rabanne,2026-05-29
PACRMIEDMLEDT100,PACO RABANNE,1 MILLION EDT 100 ML (TESTER,,EDT,Unknown,100,,65000,84600,True,multimarcasmayorista.cl,https://www.multimarcasmayorista.cl/1-million-edt-100-ml-tester-probador-paco-rabanne,2026-05-29
PACRMIELPAPAR100,PACO RABANNE,1 MILLION ELIXIR PARFUM INTENSE  100 ML,,PARFUM,Unknown,100,,100500,116990,True,multimarcasmayorista.cl,https://www.multimarcasmayorista.cl/1-million-elixir-parfum-intense-100-ml-paco-rabanne,2026-05-29
PACRMIELPAPAR200,PACO RABANNE,1 MILLION ELIXIR PARFUM INTENSE 200 ML,,PARFUM,Unknown,200,,133500,116990,True,multimarcasmayorista.cl,https://www.multimarcasmayorista.cl/1-million-elixir-parfum-intense-200-ml-paco-rabanne,2026-05-29
PACRMIPAMLPAR100,PACO RABANNE,1 MILLION PARFUM 100 ML,,PARFUM,Unknown,100,,90000,149980,True,multimarcasmayorista.cl,https://www.multimarcasmayorista.cl/1-million-parfum-100-ml-paco-rabanne,2026-05-29
CARHMEHEEDEDT90,CAROLINA HERRERA,212 MEN HEROES EDT 90 ML,,EDT,Mujer,90,,74000,99990,True,multimarcasmayorista.cl,https://www.multimarcasmayorista.cl/212-men-heroes-edt-50-ml-carolina-herrera,2026-05-29
CARHMEHEFOEDT150,CAROLINA HERRERA,212 MEN HEROES FOREVER YOUNG EDT 150 ML,,EDT,Mujer,150,,90000,115990,True,multimarcasmayorista.cl,https://www.multimarcasmayorista.cl/212-men-heroes-forever-young-edt-150-ml-carolina-herrera,2026-05-29
PROCMEHEFOEDT90,PROBADOR CAROLINA HERRERA,212 MEN HEROES FOREVER YOUNG EDT 90 ML (TESTER,,EDT,Mujer,90,,60000,99990,True,multimarcasmayorista.cl,https://www.multimarcasmayorista.cl/212-men-heroes-forever-young-edt-90-ml-tester-probador-carolina-herrera,2026-05-29
CARHVIBLMEEDP100,CAROLINA HERRERA,212 VIP BLACK MEN EDP 100 ML,,EDP,Hombre,100,,79000,89900,True,multimarcasmayorista.cl,https://www.multimarcasmayorista.cl/212-vip-black-men-edp-100-ml-carolina-herrera,2026-05-29
CARHVIBLNYEDP100,CAROLINA HERRERA,212 VIP BLACK NYC ELIXIR EDP 100 ML,,EDP,Unknown,100,,99000,129990,True,multimarcasmayorista.cl,https://www.multimarcasmayorista.cl/212-vip-black-nyc-elixir-edp-100-ml-carolina-herrera,2026-05-29
PUIQUEDMLEDT100,PUIG,QUORUM  EDT 100 ML,,EDT,Unknown,100,,12000,20000,True,multimarcasmayorista.cl,https://www.multimarcasmayorista.cl/quorum-100-ml-puig,2026-05-29
PUIAGBREDEDC100,PUIG,AGUA BRAVA EDC 100 ML,,EDC,Unknown,100,,10500,14900,True,multimarcasmayorista.cl,https://www.multimarcasmayorista.cl/agua-brava-100-ml-puig,2026-05-29
NAUNACLEDEDT100,NAUTICA,NAUTICA CLASSIC EDT 100 ML,,EDT,Unknown,100,,12000,32990,True,multimarcasmayorista.cl,https://www.multimarcasmayorista.cl/nautica-classic-edt-100-ml-nautica,2026-05-29
ANTBMEMLUNK100,ANTONIO BANDERAS,MEDITERRANEO 100 ML,,Unknown,Unknown,100,,12500,29990,True,multimarcasmayorista.cl,https://www.multimarcasmayorista.cl/mediterraneo-100-ml-antonio-banderas,2026-05-29
NAUNAVOEDEDT100,NAUTICA,NAUTICA VOYAGE EDT 100 ML,,EDT,Unknown,100,,15000,24900,True,multimarcasmayorista.cl,https://www.multimarcasmayorista.cl/nautica-voyage-edt-100-ml-nautica,2026-05-29
MUJSYAFOWOEDP50,MUJER SIN CELOFAN BY ARD AL ZAAFARAN,YARA FOR WOMEN EDP 50 ML MUJER (SIN CELOFAN),,EDP,Mujer,50,,4000,29990,True,multimarcasmayorista.cl,https://www.multimarcasmayorista.cl/lattafa-yara-for-women-edp-50-ml-mujer-sin-celofan-by-ard-al-zaafaran,2026-05-29
EMAUUNWOEDEDP50,EMANUEL UNGARO,UNGARO WOMAN EDP 50 ML,,EDP,Mujer,50,,9000,0,True,multimarcasmayorista.cl,https://www.multimarcasmayorista.cl/ungaro-woman-edp-50-ml-emanuel-ungaro,2026-05-29
EMAUUNMAFOEDT50,EMANUEL UNGARO,UNGARO MASTIGE FOR HIM EDT 50 ML,,EDT,Hombre,50,,8000,29990,True,multimarcasmayorista.cl,https://www.multimarcasmayorista.cl/ungaro-mastige-for-him-edt-50-ml-emanuel-ungaro,2026-05-29
FLAWHGOPOEDP100,FLAVIA,WHITE GOLD POUR HOMME EDP 100 ML,,EDP,Hombre,100,,20000,35990,True,multimarcasmayorista.cl,https://www.multimarcasmayorista.cl/white-gold-pour-homme-edp-100-ml-flavia,2026-05-29
FLAOPSOEDEDP100,FLAVIA,OPALE SOMBRE EDP 100 ML FOR MEN,,EDP,Hombre,100,,20000,35990,True,multimarcasmayorista.cl,https://www.multimarcasmayorista.cl/opale-sombre-edp-100-ml-for-men-flavia,2026-05-29
FLAELEDMLEDP100,FLAVIA,ELAN EDP 100 ML FOR WOMEN,,EDP,Mujer,100,,20000,35990,True,multimarcasmayorista.cl,https://www.multimarcasmayorista.cl/elan-edp-100-ml-for-women-flavia,2026-05-29
FLALUEDMLEDP100,FLAVIA,LUXEAU EDP 100 ML FOR WOMEN,,EDP,Mujer,100,,20000,35990,True,multimarcasmayorista.cl,https://www.multimarcasmayorista.cl/luxeau-edp-100-ml-for-women-flavia,2026-05-29
FLALEEDMLEDP100,FLAVIA,LEGENDE EDP 100 ML UNISEX,,EDP,Unisex,100,,20000,35990,True,multimarcasmayorista.cl,https://www.multimarcasmayorista.cl/legende-edp-100-ml-unisex-flavia,2026-05-29
FLAFLOPROEDP100,FLAVIA,FLAVIA OPALE ROSE EDP 100 ML FOR WOMEN,,EDP,Mujer,100,,20000,35990,True,multimarcasmayorista.cl,https://www.multimarcasmayorista.cl/flavia-opale-rose-edp-100-ml-for-women-flavia,2026-05-29
FLAJAPOHOEDP100,FLAVIA,JADE POUR HOMME EDP 100 ML,,EDP,Hombre,100,,20000,35990,True,multimarcasmayorista.cl,https://www.multimarcasmayorista.cl/jade-pour-homme-edp-100-ml-flavia,2026-05-29
FLAVIROEDEDP100,FLAVIA,VIVA ROMA EDP 100 ML FOR WOMEN,,EDP,Mujer,100,,20000,35990,True,multimarcasmayorista.cl,https://www.multimarcasmayorista.cl/viva-roma-edp-100-ml-for-women-flavia,2026-05-29
FLAPEMUEDEDP100,FLAVIA,PETAL MUSK EDP 100ML UNISEX,,EDP,Unisex,100,,20000,35990,True,multimarcasmayorista.cl,https://www.multimarcasmayorista.cl/petal-musk-edp-100ml-unisex-flavia,2026-05-29
FLAMIBEMUEDP100,FLAVIA,MIDNIGHT BERRY MUSK EDP 100 ML UNISEX,,EDP,Unisex,100,,20000,35990,True,multimarcasmayorista.cl,https://www.multimarcasmayorista.cl/midnight-berry-musk-edp-100-ml-unisex-flavia,2026-05-29
FLAVATEMUEDP100,FLAVIA,VANILLA TEMPTATION MUSK EDP 100 ML UNISEX,,EDP,Unisex,100,,20000,35990,True,multimarcasmayorista.cl,https://www.multimarcasmayorista.cl/vanilla-temptation-musk-edp-100-ml-unisex-flavia,2026-05-29
FLASCMUEDEDP100,FLAVIA,SCARLET MUSK EDP 100 ML UNISEX,,EDP,Unisex,100,,20000,35990,True,multimarcasmayorista.cl,https://www.multimarcasmayorista.cl/scarlet-musk-edp-100-ml-unisex-flavia,2026-05-29
FORMASEDMLEDP12,FOR MEN LATTAFA INSPIRADO EN SAUVAGE ELIXIR,ASAD EDP 12 ML TRAVEL SPRAY FOR MEN,,EDP,Hombre,12,,2600,5990,True,multimarcasmayorista.cl,https://www.multimarcasmayorista.cl/asad-edp-12-ml-travel-spray-for-men-lattafa-inspirado-en-sauvage-elixir,2026-05-29
MOSUOMOEDEDT75,MOSCHINO,UOMO? MOSCHINO EDT 75 ML FOR MEN,,EDT,Hombre,75,,20000,49990,True,multimarcasmayorista.cl,https://www.multimarcasmayorista.cl/uomo-moschino-edt-75-ml-for-men-moschino,2026-05-29
PROALFLFUEDT60,PROBADOR,ALIEN FLORA FUTURA EDT 60 ML FOR WOMEN,,EDT,Mujer,60,,42000,89990,True,multimarcasmayorista.cl,https://www.multimarcasmayorista.cl/alien-flora-futura-edt-60-ml-for-women-mugler-tester-probador,2026-05-29
PACROLSOINEDP80,PACO RABANNE,OLYMPÉA SOLAR INTENSE EDP  80 ML,,EDP,Unknown,80,,55000,99990,True,multimarcasmayorista.cl,https://www.multimarcasmayorista.cl/olympea-solar-intense-edp-80-ml-paco-rabanne,2026-05-29
FLADOROEDEDP100,FLAVIA,DOLCE ROMA EDP 100 ML FOR WOMEN,,EDP,Mujer,100,,20000,35990,True,multimarcasmayorista.cl,https://www.multimarcasmayorista.cl/dolce-roma-edp-100-ml-for-women-flavia,2026-05-29
FLAFLCLKIEDP100,FLAVIA,FLAVIA CLOUD KISS EDP 100 ML  FOR WOMEN,,EDP,Mujer,100,,20000,35990,True,multimarcasmayorista.cl,https://www.multimarcasmayorista.cl/flavia-cloud-kiss-edp-100-ml-for-women-flavia,2026-05-29
FLACLGLEDEDP100,FLAVIA,CLOUD GLOW EDP 100 ML FOR WOMEN,,EDP,Mujer,100,,20000,35990,True,multimarcasmayorista.cl,https://www.multimarcasmayorista.cl/cloud-glow-edp-100-ml-for-women-flavia,2026-05-29
FLABLGOEDEDP100,FLAVIA,BLACK GOLD EDP 100 ML FOR MEN,,EDP,Hombre,100,,20000,35990,True,multimarcasmayorista.cl,https://www.multimarcasmayorista.cl/black-gold-edp-100-ml-for-men-flavia,2026-05-29
ARMODPIPOEDP100,ARMAF,ODYSSEY PINK POP EDP 100 ML FOR WOMEN,,EDP,Mujer,100,,30000,49990,True,multimarcasmayorista.cl,https://www.multimarcasmayorista.cl/odyssey-pink-pop-edp-100-ml-for-women-armaf,2026-05-29
ARMODLILUEDP100,ARMAF,ODYSSEY LICHI LUSH EDP 100 ML FOR WOMEN,,EDP,Mujer,100,,30000,49990,True,multimarcasmayorista.cl,https://www.multimarcasmayorista.cl/odyssey-lichi-lush-edp-100-ml-for-women-armaf,2026-05-29
ARMODEADEUNK200,ARMAF,ODYSSEY EAU DE MONTAGNE  DEO 200 ML,,Unknown,Unknown,200,,3000,6990,True,multimarcasmayorista.cl,https://www.multimarcasmayorista.cl/odyssey-eau-de-montagne-deo-200-ml-armaf,2026-05-29
ARMODBLFOUNK200,ARMAF,ODYSSEY BLACK FOREST DEO 200 ML UNISEX,,Unknown,Unisex,200,,3000,6990,True,multimarcasmayorista.cl,https://www.multimarcasmayorista.cl/odyssey-black-forest-deo-200-ml-unisex-armaf,2026-05-29
RIIRIMOEDEDP100,RIIFFS,RIIFFS MOMENTO EDP 100 ML UNISEX,,EDP,Unisex,100,,24000,49990,True,multimarcasmayorista.cl,https://www.multimarcasmayorista.cl/riiffs-momento-edp-100-ml-unisex-riiffs,2026-05-29
ZIMMARHEDEDP100,ZIMAYA,MAZAAJ RHYTHM EDP 100 ML UNISEX,,EDP,Unisex,100,,26000,49990,True,multimarcasmayorista.cl,https://www.multimarcasmayorista.cl/mazaaj-rhythm-edp-100-ml-unisex-zimaya,2026-05-29
AFNAMDIEDEDP150,AFNAN,9 AM DIVE EDP 150 ML UNISEX,,EDP,Unisex,150,,39000,74990,True,multimarcasmayorista.cl,https://www.multimarcasmayorista.cl/9-am-dive-edp-150-ml-unisex-afnan,2026-05-29
FORWROROMOEDP100,FOR WOMEN CHKOUDRA PRIVATE BLEND,ROYAL ROSE MOROCCO EDP 100 ML FOR WOMEN,,EDP,Mujer,100,,15000,39990,True,multimarcasmayorista.cl,https://www.multimarcasmayorista.cl/royal-rose-morocco-edp-100-ml-for-women-chkoudra-private-blend,2026-05-29
PROSJICHFLEDP100,PROBADOR SIN TAPA JIMMY CHOO,JIMMY CHOO FLASH 100 ML EDP (TESTER,,EDP,Unknown,100,,28000,59990,True,multimarcasmayorista.cl,https://www.multimarcasmayorista.cl/jimmy-choo-flash-100-ml-edp-tester-probador-sin-tapa-jimmy-choo,2026-05-29
ARMCLDENUEDP75,ARMAF,CLUB DE NUIT BLING UNISEX EDP 75 ML,,EDP,Unisex,75,,40000,84990,True,multimarcasmayorista.cl,https://www.multimarcasmayorista.cl/club-de-nuit-bling-unisex-edp-75-ml-armaf,2026-05-29
FORHTHMOWAEDP150,FOR HIM AZZARO,THE MOST WANTED EDP INTENSE 150 ML FOR HIM,,EDP INTENSE,Hombre,150,,85000,129990,True,multimarcasmayorista.cl,https://www.multimarcasmayorista.cl/the-most-wanted-edp-intense-150-ml-for-him-azzaro,2026-05-29
REFRMIGOFOEDP90,REFILLABLE RABANNE PACO RABANNE,MILLION GOLD FOR HER EDP 90 ML REFILLABLE RABANNE,,EDP,Mujer,90,,103000,119990,True,multimarcasmayorista.cl,https://www.multimarcasmayorista.cl/million-gold-for-her-edp-90-ml-refillable-rabanne-paco-rabanne,2026-05-29
PACRMIGOINEDP100,PACO RABANNE,1 MILLION GOLD INTENSE EDP 100 ML,,EDP,Unknown,100,,97000,129990,True,multimarcasmayorista.cl,https://www.multimarcasmayorista.cl/1-million-gold-intense-edp-100-ml-paco-rabanne,2026-05-29
MONLEMEEDEDT200,MONTBLANC,LEGEND MEN EDT 200 ML,,EDT,Hombre,200,,45000,79990,True,multimarcasmayorista.cl,https://www.multimarcasmayorista.cl/legend-men-edt-200-ml-montblanc,2026-05-29
JEAPLEMAELPAR75,JEAN PAUL GAULTIER,LE MALE ELIXIR ABSOLU PARFUM INTENSE 75 ML,,PARFUM,Unknown,75,,94000,119990,True,multimarcasmayorista.cl,https://www.multimarcasmayorista.cl/le-male-elixir-absolu-parfum-intense-75-ml-jean-paul-gaultier,2026-05-29
HUGBBOBEEDEDP150,HUGO BOSS,BOTTLED BEYOND EDP 150 ML FOR MEN (RECARGABLE),,EDP,Hombre,150,,90000,139990,True,multimarcasmayorista.cl,https://www.multimarcasmayorista.cl/bottled-beyond-edp-150-ml-for-men-recargable-hugo-boss,2026-05-29
